<module name="jakarta-tomcat-connectors">

  <description>
    Connectors to various web servers
  </description>
  <url href="http://jakarta.apache.org/tomcat/index.html"/>

  <cvs repository="jakarta" />

  <project name="jakarta-tomcat-connectors"/>

  <project name="jakarta-tomcat-util">
    <package>org.apache.tomcat.util</package>
    <ant basedir="util">
      <property name="jmx.home" reference="home" project="jmx"/>
      <property name="jmx.jar" project="jmx" path="jmx/lib/jmxri.jar" />
      <property name="jsse.home" reference="home" project="jsse"/>
    </ant>

    <depend project="jakarta-ant"/>
    <depend project="xml-xerces"/>
    <depend project="jmx"/>
    <depend project="commons-logging"/>
    <depend project="jsse"/>

    <home nested="util/build"/>
    <jar name="lib/tomcat-util.jar"/>
    <nag to="tomcat-dev@jakarta.apache.org"
         from="Craig McClanahan &lt;craigmcc@apache.org&gt;"/>
  </project>

  <project name="jakarta-tomcat-coyote">
    <package>org.apache.coyote</package>
    <ant basedir="coyote">
      <property name="catalina.home" reference="home" 
        project="tomcat-catalina"/> 
    </ant>

    <depend project="jakarta-ant"/>
    <depend project="xml-xerces"/>
    <depend project="jakarta-tomcat-util"/>
    <depend project="jakarta-servletapi-4"/>
    <depend project="tomcat-catalina"/>
    <depend project="jakarta-tomcat"/>

    <home nested="coyote"/>
    <jar name="build/lib/tomcat-coyote.jar"/>

    <nag to="tomcat-dev@jakarta.apache.org"
         from="Craig McClanahan &lt;craigmcc@apache.org&gt;"/>
  </project>

  <project name="jakarta-tomcat-coyote_tc5">
    <package>org.apache.coyote</package>
    <ant basedir="coyote">
      <property name="catalina.home" reference="home" 
        project="jakarta-tomcat-catalina"/> 
      <property name="tomcat33.home" value=""/>
    </ant>

    <depend project="jakarta-ant"/>
    <depend project="xml-xerces"/>
    <depend project="jakarta-tomcat-util"/>
    <depend project="jakarta-servletapi-5-servlet"/>
    <depend project="jakarta-tomcat-catalina" />

    <home nested="coyote"/>
    <jar name="build/lib/tomcat-coyote.jar"/>

    <nag to="bobh@apache.org"
         from="Bob Herrmann &lt;bobh@apache.org&gt;"/>
  </project>

  <project name="jakarta-tomcat-jk">
    <package>org.apache.jk</package>

    <ant basedir="jk">
      <property name="jsse.home" reference="home" project="jsse"/>
    </ant>

    <depend project="jakarta-ant"/>
    <depend project="commons-logging"/>
    <depend project="jakarta-tomcat-util"/>
    <depend project="xml-xerces"/>
    <depend project="jakarta-tomcat-coyote"/>

    <home nested="jk/build"/>
    <jar name="lib/jkant.jar"/>
    <jar name="lib/jkconfig.jar"/>
    <jar name="lib/tomcat-jk2.jar"/>
    <jar name="lib/tomcat-jni.jar"/>
    <nag to="tomcat-dev@jakarta.apache.org"
         from="Craig McClanahan &lt;craigmcc@apache.org&gt;"/>
  </project>

  
</module>
